{
  "current-scene": "21f45e78-ef24-4cb4-acc9-cf320f96e2a8",
  "gizmos-infos": {
    "iconGizmoSize": 2,
    "isGridVisible": true,
    "isIconGizmo3D": false
  },
  "camera-infos": {
    "21f45e78-ef24-4cb4-acc9-cf320f96e2a8": {
      "position": {
        "x": 1.8324349874302968,
        "y": 1.8324349874303025,
        "z": 1.8324349874303087
      },
      "rotation": {
        "w": 0.8804762392171493,
        "x": -0.27984814233312133,
        "y": 0.3647051996310009,
        "z": 0.11591689595929514
      },
      "viewCenter": {
        "x": 0,
        "y": 0,
        "z": 0
      }
    }
  },
  "camera-uuids": [
    "21f45e78-ef24-4cb4-acc9-cf320f96e2a8"
  ],
  "float-window": {
    "position": {
      "cc": {
        "CameraComponent": {
          "bottom": 10,
          "dock": false,
          "left": null,
          "right": 10,
          "top": null
        }
      }
    }
  }
}
