{
  "current-scene": "1a181f57-a838-4eaf-b769-c51f5091b026",
  "gizmos-infos": {
    "iconGizmoSize": 2,
    "isGridVisible": true,
    "isIconGizmo3D": false
  },
  "camera-infos": {
    "1a181f57-a838-4eaf-b769-c51f5091b026": {
      "position": {
        "x": -1.4064865020801276,
        "y": 2.444375039544715,
        "z": 1.9761151590545982
      },
      "rotation": {
        "w": 0.9845307402750035,
        "x": -0.04723898714262284,
        "y": -0.16799707807952027,
        "z": -0.014932125985559593
      },
      "viewCenter": {
        "x": -0.3705452370338336,
        "y": 2.136052634105706,
        "z": -0.9773226881836252
      }
    },
    "f46876e4-e81b-4931-b493-6d367be385e7": {
      "position": {
        "x": 0.20614935429275505,
        "y": 24.089070898024072,
        "z": 0.2626742407204441
      },
      "rotation": {
        "w": 0.7071067811865475,
        "x": -0.7071067811865475,
        "y": 0,
        "z": 0
      },
      "viewCenter": {
        "x": 0.20614935429275505,
        "y": 2.9031910743059406,
        "z": 0.2626742407204441
      }
    }
  },
  "camera-uuids": [
    "1a181f57-a838-4eaf-b769-c51f5091b026"
  ]
}
